"i_scenario","i_type","i_N","i_min.futime","i_min.postexp.futime","i_cat","i_cat_prop","i_cat_exp.prop","i_exp.prop","i_lambda","i_rho","i_rateC","i_beta","N_eff","N_effexp_p","bhat","HR","d","d_c","d_exp","mst_c","mst_exp","pow"
"clustering","td",600,4,4,"lo",0.65,0.1,0.2,0.0288811325233311,1,0.0495105128971389,0.3,287.3,0.0871513930742156,0.363497946261571,1.50682961707997,129.3,100,29.3,NA,18.9885485704597,0.5
"clustering","td",600,4,4,"med",0.2,0.3,0.2,0.0288811325233311,1,0.0495105128971389,0.3,83.1,0.309653129414135,0.363497946261571,1.50682961707997,129.3,100,29.3,NA,18.9885485704597,0.5
"clustering","td",600,4,4,"hi",0.15,0.5,0.2,0.0288811325233311,1,0.0495105128971389,0.3,61.2,0.469332941218079,0.363497946261571,1.50682961707997,129.3,100,29.3,NA,18.9885485704597,0.5
