"i_scenario","i_type","i_N","i_min.futime","i_min.postexp.futime","i_exp.prop","i_lambda","i_rho","i_rateC","i_beta","N_eff","N_effexp_p","bhat","HR","d","d_c","d_exp","mst_c","mst_exp","pow"
" ","td",600,4,4,0.2,0.0288811325233311,1,0.0495105128971389,0.3,432.214,0.188525808019028,0.26580928181582,1.32733762751221,132.412,102.642,29.77,23.0500839903149,20.655439041301,0.24
" ","td",600,4,4,0.2,0.0288811325233311,1,0.0495105128971389,0.3,432.214,0.188525808019028,0.26580928181582,1.32733762751221,132.412,102.642,29.77,23.0500839903149,20.655439041301,0.24
